profileId;contentId;size;quality
1;1;3;4
2;1;1.793721973;3
3;1;0.293103853;2
4;2;3.1;4
5;2;1.793721973;3
6;2;0.586207705;2
7;3;3.2;4
8;3;1.793721973;3
9;3;0.879311558;2
10;4;3.3;4
11;4;1.793721973;3
12;4;1.17241541;2
13;5;3.4;4
14;5;1.793721973;3
15;5;1.465519263;2
